audio,categoria,predicted,ok;;;;audio;categoria;prediccion;ok
BITEL_audio32_1,BITEL,NOMARCA,False;16;22;30;BITEL_audio32_1;BITEL;NOMARCA;False
BITEL_audio32_2,BITEL,NOMARCA,False;16;22;30;BITEL_audio32_2;BITEL;NOMARCA;False
BITEL_audio32_3,BITEL,NOMARCA,False;16;22;30;BITEL_audio32_3;BITEL;NOMARCA;False
BITEL_audio32_4,BITEL,NOMARCA,False;16;22;30;BITEL_audio32_4;BITEL;NOMARCA;False
BITEL_audio32_5,BITEL,NOMARCA,False;16;22;30;BITEL_audio32_5;BITEL;NOMARCA;False
BITEL_audio32_6,BITEL,NOMARCA,False;16;22;30;BITEL_audio32_6;BITEL;NOMARCA;False
BITEL_audio32_7,BITEL,NOMARCA,False;16;22;30;BITEL_audio32_7;BITEL;NOMARCA;False
BITEL_audio33_1,BITEL,NOMARCA,False;16;22;30;BITEL_audio33_1;BITEL;NOMARCA;False
BITEL_audio33_2,BITEL,NOMARCA,False;16;22;30;BITEL_audio33_2;BITEL;NOMARCA;False
BITEL_audio33_3,BITEL,NOMARCA,False;16;22;30;BITEL_audio33_3;BITEL;NOMARCA;False
BITEL_audio33_4,BITEL,NOMARCA,False;16;22;30;BITEL_audio33_4;BITEL;NOMARCA;False
BITEL_audio33_5,BITEL,NOMARCA,False;16;22;30;BITEL_audio33_5;BITEL;NOMARCA;False
BITEL_audio33_6,BITEL,NOMARCA,False;16;22;30;BITEL_audio33_6;BITEL;NOMARCA;False
BITEL_audio33_7,BITEL,NOMARCA,False;16;22;30;BITEL_audio33_7;BITEL;NOMARCA;False
BITEL_audio34_1,BITEL,NOMARCA,False;16;22;30;BITEL_audio34_1;BITEL;NOMARCA;False
BITEL_audio34_2,BITEL,NOMARCA,False;16;22;30;BITEL_audio34_2;BITEL;NOMARCA;False
BITEL_audio34_3,BITEL,NOMARCA,False;16;22;30;BITEL_audio34_3;BITEL;NOMARCA;False
BITEL_audio35_1,BITEL,NOMARCA,False;16;22;30;BITEL_audio35_1;BITEL;NOMARCA;False
BITEL_audio35_2,BITEL,NOMARCA,False;16;22;30;BITEL_audio35_2;BITEL;NOMARCA;False
BITEL_audio35_3,BITEL,NOMARCA,False;16;22;30;BITEL_audio35_3;BITEL;NOMARCA;False
CERTUS_audio29_1,CERTUS,NOMARCA,False;17;24;32;CERTUS_audio29_1;CERTUS;NOMARCA;False
CERTUS_audio29_2,CERTUS,NOMARCA,False;17;24;32;CERTUS_audio29_2;CERTUS;NOMARCA;False
CERTUS_audio29_3,CERTUS,NOMARCA,False;17;24;32;CERTUS_audio29_3;CERTUS;NOMARCA;False
CERTUS_audio29_4,CERTUS,NOMARCA,False;17;24;32;CERTUS_audio29_4;CERTUS;NOMARCA;False
CERTUS_audio29_5,CERTUS,NOMARCA,False;17;24;32;CERTUS_audio29_5;CERTUS;NOMARCA;False
CERTUS_audio30_1,CERTUS,NOMARCA,False;17;24;32;CERTUS_audio30_1;CERTUS;NOMARCA;False
CERTUS_audio30_2,CERTUS,NOMARCA,False;17;24;32;CERTUS_audio30_2;CERTUS;NOMARCA;False
CERTUS_audio30_3,CERTUS,NOMARCA,False;17;24;32;CERTUS_audio30_3;CERTUS;NOMARCA;False
CERTUS_audio30_4,CERTUS,NOMARCA,False;17;24;32;CERTUS_audio30_4;CERTUS;NOMARCA;False
CERTUS_audio30_5,CERTUS,NOMARCA,False;17;24;32;CERTUS_audio30_5;CERTUS;NOMARCA;False
CERTUS_audio31_1,CERTUS,NOMARCA,False;17;24;32;CERTUS_audio31_1;CERTUS;NOMARCA;False
CERTUS_audio31_2,CERTUS,NOMARCA,False;17;24;32;CERTUS_audio31_2;CERTUS;NOMARCA;False
CERTUS_audio31_3,CERTUS,NOMARCA,False;17;24;32;CERTUS_audio31_3;CERTUS;NOMARCA;False
CERTUS_audio31_4,CERTUS,NOMARCA,False;17;24;32;CERTUS_audio31_4;CERTUS;NOMARCA;False
CERTUS_audio31_5,CERTUS,NOMARCA,False;17;24;32;CERTUS_audio31_5;CERTUS;NOMARCA;False
CINEMARK_audio26_1,CINEMARK,NOMARCA,False;19;28;36;CINEMARK_audio26_1;CINEMARK;NOMARCA;False
CINEMARK_audio26_2,CINEMARK,NOMARCA,False;19;28;36;CINEMARK_audio26_2;CINEMARK;NOMARCA;False
CINEMARK_audio26_3,CINEMARK,NOMARCA,False;19;28;36;CINEMARK_audio26_3;CINEMARK;NOMARCA;False
CINEMARK_audio26_4,CINEMARK,NOMARCA,False;19;28;36;CINEMARK_audio26_4;CINEMARK;NOMARCA;False
CINEMARK_audio26_5,CINEMARK,NOMARCA,False;19;28;36;CINEMARK_audio26_5;CINEMARK;NOMARCA;False
CINEMARK_audio26_6,CINEMARK,NOMARCA,False;19;28;36;CINEMARK_audio26_6;CINEMARK;NOMARCA;False
CINEMARK_audio26_7,CINEMARK,NOMARCA,False;19;28;36;CINEMARK_audio26_7;CINEMARK;NOMARCA;False
CINEMARK_audio26_8,CINEMARK,NOMARCA,False;19;28;36;CINEMARK_audio26_8;CINEMARK;NOMARCA;False
CINEMARK_audio27_1,CINEMARK,NOMARCA,False;19;28;36;CINEMARK_audio27_1;CINEMARK;NOMARCA;False
CINEMARK_audio27_2,CINEMARK,NOMARCA,False;19;28;36;CINEMARK_audio27_2;CINEMARK;NOMARCA;False
CINEMARK_audio27_3,CINEMARK,NOMARCA,False;19;28;36;CINEMARK_audio27_3;CINEMARK;NOMARCA;False
CINEMARK_audio27_4,CINEMARK,NOMARCA,False;19;28;36;CINEMARK_audio27_4;CINEMARK;NOMARCA;False
CINEMARK_audio27_5,CINEMARK,NOMARCA,False;19;28;36;CINEMARK_audio27_5;CINEMARK;NOMARCA;False
CINEMARK_audio27_6,CINEMARK,NOMARCA,False;19;28;36;CINEMARK_audio27_6;CINEMARK;NOMARCA;False
CINEMARK_audio27_7,CINEMARK,NOMARCA,False;19;28;36;CINEMARK_audio27_7;CINEMARK;NOMARCA;False
CINEMARK_audio27_8,CINEMARK,NOMARCA,False;19;28;36;CINEMARK_audio27_8;CINEMARK;NOMARCA;False
CINEMARK_audio28_1,CINEMARK,NOMARCA,False;19;28;36;CINEMARK_audio28_1;CINEMARK;NOMARCA;False
CINEMARK_audio28_2,CINEMARK,NOMARCA,False;19;28;36;CINEMARK_audio28_2;CINEMARK;NOMARCA;False
CINEMARK_audio28_3,CINEMARK,NOMARCA,False;19;28;36;CINEMARK_audio28_3;CINEMARK;NOMARCA;False
CINEMARK_audio28_4,CINEMARK,NOMARCA,False;19;28;36;CINEMARK_audio28_4;CINEMARK;NOMARCA;False
CINEMARK_audio28_5,CINEMARK,NOMARCA,False;19;28;36;CINEMARK_audio28_5;CINEMARK;NOMARCA;False
CINEMARK_audio28_6,CINEMARK,NOMARCA,False;19;28;36;CINEMARK_audio28_6;CINEMARK;NOMARCA;False
CINEMARK_audio28_7,CINEMARK,NOMARCA,False;19;28;36;CINEMARK_audio28_7;CINEMARK;NOMARCA;False
CINEMARK_audio28_8,CINEMARK,NOMARCA,False;19;28;36;CINEMARK_audio28_8;CINEMARK;NOMARCA;False
MODA_audio10_1,MODA,NOMARCA,False;15;20;28;MODA_audio10_1;MODA;NOMARCA;False
MODA_audio11_1,MODA,NOMARCA,False;15;20;28;MODA_audio11_1;MODA;NOMARCA;False
MODA_audio11_2,MODA,NOMARCA,False;15;20;28;MODA_audio11_2;MODA;NOMARCA;False
MODA_audio12_1,MODA,NOMARCA,False;15;20;28;MODA_audio12_1;MODA;NOMARCA;False
MODA_audio9_1,MODA,NOMARCA,False;14;19;27;MODA_audio9_1;MODA;NOMARCA;False
MOVISTAR_audio13_1,MOVISTAR,NOMARCA,False;19;28;36;MOVISTAR_audio13_1;MOVISTAR;NOMARCA;False
MOVISTAR_audio13_2,MOVISTAR,NOMARCA,False;19;28;36;MOVISTAR_audio13_2;MOVISTAR;NOMARCA;False
MOVISTAR_audio14_1,MOVISTAR,NOMARCA,False;19;28;36;MOVISTAR_audio14_1;MOVISTAR;NOMARCA;False
MOVISTAR_audio14_2,MOVISTAR,NOMARCA,False;19;28;36;MOVISTAR_audio14_2;MOVISTAR;NOMARCA;False
MOVISTAR_audio15_1,MOVISTAR,NOMARCA,False;19;28;36;MOVISTAR_audio15_1;MOVISTAR;NOMARCA;False
MOVISTAR_audio15_2,MOVISTAR,NOMARCA,False;19;28;36;MOVISTAR_audio15_2;MOVISTAR;NOMARCA;False
MOVISTAR_audio16_1,MOVISTAR,NOMARCA,False;19;28;36;MOVISTAR_audio16_1;MOVISTAR;NOMARCA;False
MOVISTAR_audio16_2,MOVISTAR,NOMARCA,False;19;28;36;MOVISTAR_audio16_2;MOVISTAR;NOMARCA;False
MOVISTAR_audio17_1,MOVISTAR,NOMARCA,False;19;28;36;MOVISTAR_audio17_1;MOVISTAR;NOMARCA;False
MOVISTAR_audio17_2,MOVISTAR,NOMARCA,False;19;28;36;MOVISTAR_audio17_2;MOVISTAR;NOMARCA;False
MOVISTAR_audio17_3,MOVISTAR,NOMARCA,False;19;28;36;MOVISTAR_audio17_3;MOVISTAR;NOMARCA;False
MOVISTAR_audio17_4,MOVISTAR,NOMARCA,False;19;28;36;MOVISTAR_audio17_4;MOVISTAR;NOMARCA;False
MTC_audio18_1,MTC,NOMARCA,False;14;18;26;MTC_audio18_1;MTC;NOMARCA;False
MTC_audio18_2,MTC,NOMARCA,False;14;18;26;MTC_audio18_2;MTC;NOMARCA;False
MTC_audio18_3,MTC,NOMARCA,False;14;18;26;MTC_audio18_3;MTC;NOMARCA;False
MTC_audio18_4,MTC,NOMARCA,False;14;18;26;MTC_audio18_4;MTC;NOMARCA;False
MTC_audio18_5,MTC,NOMARCA,False;14;18;26;MTC_audio18_5;MTC;NOMARCA;False
MTC_audio18_6,MTC,NOMARCA,False;14;18;26;MTC_audio18_6;MTC;NOMARCA;False
MTC_audio18_7,MTC,NOMARCA,False;14;18;26;MTC_audio18_7;MTC;NOMARCA;False
MTC_audio19_1,MTC,NOMARCA,False;14;18;26;MTC_audio19_1;MTC;NOMARCA;False
MTC_audio19_2,MTC,NOMARCA,False;14;18;26;MTC_audio19_2;MTC;NOMARCA;False
MTC_audio19_3,MTC,NOMARCA,False;14;18;26;MTC_audio19_3;MTC;NOMARCA;False
MTC_audio19_4,MTC,NOMARCA,False;14;18;26;MTC_audio19_4;MTC;NOMARCA;False
MTC_audio19_5,MTC,NOMARCA,False;14;18;26;MTC_audio19_5;MTC;NOMARCA;False
MTC_audio19_6,MTC,NOMARCA,False;14;18;26;MTC_audio19_6;MTC;NOMARCA;False
MTC_audio20_1,MTC,NOMARCA,False;14;18;26;MTC_audio20_1;MTC;NOMARCA;False
MTC_audio20_2,MTC,NOMARCA,False;14;18;26;MTC_audio20_2;MTC;NOMARCA;False
MTC_audio20_3,MTC,NOMARCA,False;14;18;26;MTC_audio20_3;MTC;NOMARCA;False
MTC_audio20_4,MTC,NOMARCA,False;14;18;26;MTC_audio20_4;MTC;NOMARCA;False
MTC_audio20_5,MTC,NOMARCA,False;14;18;26;MTC_audio20_5;MTC;NOMARCA;False
MTC_audio20_6,MTC,NOMARCA,False;14;18;26;MTC_audio20_6;MTC;NOMARCA;False
MTC_audio20_7,MTC,NOMARCA,False;14;18;26;MTC_audio20_7;MTC;NOMARCA;False
MTC_audio21_1,MTC,NOMARCA,False;14;18;26;MTC_audio21_1;MTC;NOMARCA;False
MTC_audio21_2,MTC,NOMARCA,False;14;18;26;MTC_audio21_2;MTC;NOMARCA;False
MTC_audio21_3,MTC,NOMARCA,False;14;18;26;MTC_audio21_3;MTC;NOMARCA;False
MTC_audio21_4,MTC,NOMARCA,False;14;18;26;MTC_audio21_4;MTC;NOMARCA;False
MTC_audio21_5,MTC,NOMARCA,False;14;18;26;MTC_audio21_5;MTC;NOMARCA;False
MTC_audio21_6,MTC,NOMARCA,False;14;18;26;MTC_audio21_6;MTC;NOMARCA;False
MTC_audio21_7,MTC,NOMARCA,False;14;18;26;MTC_audio21_7;MTC;NOMARCA;False
MTC_audio22_1,MTC,NOMARCA,False;14;18;26;MTC_audio22_1;MTC;NOMARCA;False
MTC_audio22_2,MTC,NOMARCA,False;14;18;26;MTC_audio22_2;MTC;NOMARCA;False
MTC_audio22_3,MTC,NOMARCA,False;14;18;26;MTC_audio22_3;MTC;NOMARCA;False
MTC_audio22_4,MTC,NOMARCA,False;14;18;26;MTC_audio22_4;MTC;NOMARCA;False
MTC_audio22_5,MTC,NOMARCA,False;14;18;26;MTC_audio22_5;MTC;NOMARCA;False
MTC_audio22_6,MTC,NOMARCA,False;14;18;26;MTC_audio22_6;MTC;NOMARCA;False
MTC_audio22_7,MTC,NOMARCA,False;14;18;26;MTC_audio22_7;MTC;NOMARCA;False
NOMARCA_audio36_1,NOMARCA,NOMARCA,True;18;26;34;NOMARCA_audio36_1;NOMARCA;NOMARCA;True
NOMARCA_audio36_10,NOMARCA,NOMARCA,True;19;27;35;NOMARCA_audio36_10;NOMARCA;NOMARCA;True
NOMARCA_audio36_11,NOMARCA,NOMARCA,True;19;27;35;NOMARCA_audio36_11;NOMARCA;NOMARCA;True
NOMARCA_audio36_12,NOMARCA,NOMARCA,True;19;27;35;NOMARCA_audio36_12;NOMARCA;NOMARCA;True
NOMARCA_audio36_13,NOMARCA,NOMARCA,True;19;27;35;NOMARCA_audio36_13;NOMARCA;NOMARCA;True
NOMARCA_audio36_14,NOMARCA,NOMARCA,True;19;27;35;NOMARCA_audio36_14;NOMARCA;NOMARCA;True
NOMARCA_audio36_15,NOMARCA,NOMARCA,True;19;27;35;NOMARCA_audio36_15;NOMARCA;NOMARCA;True
NOMARCA_audio36_16,NOMARCA,NOMARCA,True;19;27;35;NOMARCA_audio36_16;NOMARCA;NOMARCA;True
NOMARCA_audio36_17,NOMARCA,NOMARCA,True;19;27;35;NOMARCA_audio36_17;NOMARCA;NOMARCA;True
NOMARCA_audio36_18,NOMARCA,NOMARCA,True;19;27;35;NOMARCA_audio36_18;NOMARCA;NOMARCA;True
NOMARCA_audio36_19,NOMARCA,NOMARCA,True;19;27;35;NOMARCA_audio36_19;NOMARCA;NOMARCA;True
NOMARCA_audio36_2,NOMARCA,NOMARCA,True;18;26;34;NOMARCA_audio36_2;NOMARCA;NOMARCA;True
NOMARCA_audio36_20,NOMARCA,NOMARCA,True;19;27;35;NOMARCA_audio36_20;NOMARCA;NOMARCA;True
NOMARCA_audio36_21,NOMARCA,NOMARCA,True;19;27;35;NOMARCA_audio36_21;NOMARCA;NOMARCA;True
NOMARCA_audio36_22,NOMARCA,NOMARCA,True;19;27;35;NOMARCA_audio36_22;NOMARCA;NOMARCA;True
NOMARCA_audio36_23,NOMARCA,NOMARCA,True;19;27;35;NOMARCA_audio36_23;NOMARCA;NOMARCA;True
NOMARCA_audio36_24,NOMARCA,NOMARCA,True;19;27;35;NOMARCA_audio36_24;NOMARCA;NOMARCA;True
NOMARCA_audio36_25,NOMARCA,NOMARCA,True;19;27;35;NOMARCA_audio36_25;NOMARCA;NOMARCA;True
NOMARCA_audio36_26,NOMARCA,NOMARCA,True;19;27;35;NOMARCA_audio36_26;NOMARCA;NOMARCA;True
NOMARCA_audio36_27,NOMARCA,NOMARCA,True;19;27;35;NOMARCA_audio36_27;NOMARCA;NOMARCA;True
NOMARCA_audio36_28,NOMARCA,NOMARCA,True;19;27;35;NOMARCA_audio36_28;NOMARCA;NOMARCA;True
NOMARCA_audio36_29,NOMARCA,NOMARCA,True;19;27;35;NOMARCA_audio36_29;NOMARCA;NOMARCA;True
NOMARCA_audio36_3,NOMARCA,NOMARCA,True;18;26;34;NOMARCA_audio36_3;NOMARCA;NOMARCA;True
NOMARCA_audio36_30,NOMARCA,NOMARCA,True;19;27;35;NOMARCA_audio36_30;NOMARCA;NOMARCA;True
NOMARCA_audio36_31,NOMARCA,NOMARCA,True;19;27;35;NOMARCA_audio36_31;NOMARCA;NOMARCA;True
NOMARCA_audio36_32,NOMARCA,NOMARCA,True;19;27;35;NOMARCA_audio36_32;NOMARCA;NOMARCA;True
NOMARCA_audio36_33,NOMARCA,NOMARCA,True;19;27;35;NOMARCA_audio36_33;NOMARCA;NOMARCA;True
NOMARCA_audio36_34,NOMARCA,NOMARCA,True;19;27;35;NOMARCA_audio36_34;NOMARCA;NOMARCA;True
NOMARCA_audio36_35,NOMARCA,NOMARCA,True;19;27;35;NOMARCA_audio36_35;NOMARCA;NOMARCA;True
NOMARCA_audio36_36,NOMARCA,NOMARCA,True;19;27;35;NOMARCA_audio36_36;NOMARCA;NOMARCA;True
NOMARCA_audio36_37,NOMARCA,NOMARCA,True;19;27;35;NOMARCA_audio36_37;NOMARCA;NOMARCA;True
NOMARCA_audio36_38,NOMARCA,NOMARCA,True;19;27;35;NOMARCA_audio36_38;NOMARCA;NOMARCA;True
NOMARCA_audio36_39,NOMARCA,NOMARCA,True;19;27;35;NOMARCA_audio36_39;NOMARCA;NOMARCA;True
NOMARCA_audio36_4,NOMARCA,NOMARCA,True;18;26;34;NOMARCA_audio36_4;NOMARCA;NOMARCA;True
NOMARCA_audio36_40,NOMARCA,NOMARCA,True;19;27;35;NOMARCA_audio36_40;NOMARCA;NOMARCA;True
NOMARCA_audio36_41,NOMARCA,NOMARCA,True;19;27;35;NOMARCA_audio36_41;NOMARCA;NOMARCA;True
NOMARCA_audio36_42,NOMARCA,NOMARCA,True;19;27;35;NOMARCA_audio36_42;NOMARCA;NOMARCA;True
NOMARCA_audio36_43,NOMARCA,NOMARCA,True;19;27;35;NOMARCA_audio36_43;NOMARCA;NOMARCA;True
NOMARCA_audio36_44,NOMARCA,NOMARCA,True;19;27;35;NOMARCA_audio36_44;NOMARCA;NOMARCA;True
NOMARCA_audio36_45,NOMARCA,NOMARCA,True;19;27;35;NOMARCA_audio36_45;NOMARCA;NOMARCA;True
NOMARCA_audio36_46,NOMARCA,NOMARCA,True;19;27;35;NOMARCA_audio36_46;NOMARCA;NOMARCA;True
NOMARCA_audio36_47,NOMARCA,NOMARCA,True;19;27;35;NOMARCA_audio36_47;NOMARCA;NOMARCA;True
NOMARCA_audio36_48,NOMARCA,NOMARCA,True;19;27;35;NOMARCA_audio36_48;NOMARCA;NOMARCA;True
NOMARCA_audio36_49,NOMARCA,NOMARCA,True;19;27;35;NOMARCA_audio36_49;NOMARCA;NOMARCA;True
NOMARCA_audio36_5,NOMARCA,NOMARCA,True;18;26;34;NOMARCA_audio36_5;NOMARCA;NOMARCA;True
NOMARCA_audio36_50,NOMARCA,NOMARCA,True;19;27;35;NOMARCA_audio36_50;NOMARCA;NOMARCA;True
NOMARCA_audio36_51,NOMARCA,NOMARCA,True;19;27;35;NOMARCA_audio36_51;NOMARCA;NOMARCA;True
NOMARCA_audio36_52,NOMARCA,NOMARCA,True;19;27;35;NOMARCA_audio36_52;NOMARCA;NOMARCA;True
NOMARCA_audio36_53,NOMARCA,NOMARCA,True;19;27;35;NOMARCA_audio36_53;NOMARCA;NOMARCA;True
NOMARCA_audio36_54,NOMARCA,NOMARCA,True;19;27;35;NOMARCA_audio36_54;NOMARCA;NOMARCA;True
NOMARCA_audio36_55,NOMARCA,NOMARCA,True;19;27;35;NOMARCA_audio36_55;NOMARCA;NOMARCA;True
NOMARCA_audio36_56,NOMARCA,NOMARCA,True;19;27;35;NOMARCA_audio36_56;NOMARCA;NOMARCA;True
NOMARCA_audio36_57,NOMARCA,NOMARCA,True;19;27;35;NOMARCA_audio36_57;NOMARCA;NOMARCA;True
NOMARCA_audio36_58,NOMARCA,NOMARCA,True;19;27;35;NOMARCA_audio36_58;NOMARCA;NOMARCA;True
NOMARCA_audio36_59,NOMARCA,NOMARCA,True;19;27;35;NOMARCA_audio36_59;NOMARCA;NOMARCA;True
NOMARCA_audio36_6,NOMARCA,NOMARCA,True;18;26;34;NOMARCA_audio36_6;NOMARCA;NOMARCA;True
NOMARCA_audio36_60,NOMARCA,NOMARCA,True;19;27;35;NOMARCA_audio36_60;NOMARCA;NOMARCA;True
NOMARCA_audio36_61,NOMARCA,NOMARCA,True;19;27;35;NOMARCA_audio36_61;NOMARCA;NOMARCA;True
NOMARCA_audio36_62,NOMARCA,NOMARCA,True;19;27;35;NOMARCA_audio36_62;NOMARCA;NOMARCA;True
NOMARCA_audio36_63,NOMARCA,NOMARCA,True;19;27;35;NOMARCA_audio36_63;NOMARCA;NOMARCA;True
NOMARCA_audio36_64,NOMARCA,NOMARCA,True;19;27;35;NOMARCA_audio36_64;NOMARCA;NOMARCA;True
NOMARCA_audio36_65,NOMARCA,NOMARCA,True;19;27;35;NOMARCA_audio36_65;NOMARCA;NOMARCA;True
NOMARCA_audio36_66,NOMARCA,NOMARCA,True;19;27;35;NOMARCA_audio36_66;NOMARCA;NOMARCA;True
NOMARCA_audio36_67,NOMARCA,NOMARCA,True;19;27;35;NOMARCA_audio36_67;NOMARCA;NOMARCA;True
NOMARCA_audio36_68,NOMARCA,NOMARCA,True;19;27;35;NOMARCA_audio36_68;NOMARCA;NOMARCA;True
NOMARCA_audio36_69,NOMARCA,NOMARCA,True;19;27;35;NOMARCA_audio36_69;NOMARCA;NOMARCA;True
NOMARCA_audio36_7,NOMARCA,NOMARCA,True;18;26;34;NOMARCA_audio36_7;NOMARCA;NOMARCA;True
NOMARCA_audio36_70,NOMARCA,NOMARCA,True;19;27;35;NOMARCA_audio36_70;NOMARCA;NOMARCA;True
NOMARCA_audio36_71,NOMARCA,NOMARCA,True;19;27;35;NOMARCA_audio36_71;NOMARCA;NOMARCA;True
NOMARCA_audio36_72,NOMARCA,NOMARCA,True;19;27;35;NOMARCA_audio36_72;NOMARCA;NOMARCA;True
NOMARCA_audio36_73,NOMARCA,NOMARCA,True;19;27;35;NOMARCA_audio36_73;NOMARCA;NOMARCA;True
NOMARCA_audio36_74,NOMARCA,NOMARCA,True;19;27;35;NOMARCA_audio36_74;NOMARCA;NOMARCA;True
NOMARCA_audio36_75,NOMARCA,NOMARCA,True;19;27;35;NOMARCA_audio36_75;NOMARCA;NOMARCA;True
NOMARCA_audio36_76,NOMARCA,NOMARCA,True;19;27;35;NOMARCA_audio36_76;NOMARCA;NOMARCA;True
NOMARCA_audio36_77,NOMARCA,NOMARCA,True;19;27;35;NOMARCA_audio36_77;NOMARCA;NOMARCA;True
NOMARCA_audio36_78,NOMARCA,NOMARCA,True;19;27;35;NOMARCA_audio36_78;NOMARCA;NOMARCA;True
NOMARCA_audio36_79,NOMARCA,NOMARCA,True;19;27;35;NOMARCA_audio36_79;NOMARCA;NOMARCA;True
NOMARCA_audio36_8,NOMARCA,NOMARCA,True;18;26;34;NOMARCA_audio36_8;NOMARCA;NOMARCA;True
NOMARCA_audio36_80,NOMARCA,NOMARCA,True;19;27;35;NOMARCA_audio36_80;NOMARCA;NOMARCA;True
NOMARCA_audio36_9,NOMARCA,NOMARCA,True;18;26;34;NOMARCA_audio36_9;NOMARCA;NOMARCA;True
NOMARCA_audio37_1,NOMARCA,NOMARCA,True;18;26;34;NOMARCA_audio37_1;NOMARCA;NOMARCA;True
NOMARCA_audio37_10,NOMARCA,NOMARCA,True;19;27;35;NOMARCA_audio37_10;NOMARCA;NOMARCA;True
NOMARCA_audio37_11,NOMARCA,NOMARCA,True;19;27;35;NOMARCA_audio37_11;NOMARCA;NOMARCA;True
NOMARCA_audio37_12,NOMARCA,NOMARCA,True;19;27;35;NOMARCA_audio37_12;NOMARCA;NOMARCA;True
NOMARCA_audio37_13,NOMARCA,NOMARCA,True;19;27;35;NOMARCA_audio37_13;NOMARCA;NOMARCA;True
NOMARCA_audio37_14,NOMARCA,NOMARCA,True;19;27;35;NOMARCA_audio37_14;NOMARCA;NOMARCA;True
NOMARCA_audio37_15,NOMARCA,NOMARCA,True;19;27;35;NOMARCA_audio37_15;NOMARCA;NOMARCA;True
NOMARCA_audio37_16,NOMARCA,NOMARCA,True;19;27;35;NOMARCA_audio37_16;NOMARCA;NOMARCA;True
NOMARCA_audio37_17,NOMARCA,NOMARCA,True;19;27;35;NOMARCA_audio37_17;NOMARCA;NOMARCA;True
NOMARCA_audio37_18,NOMARCA,NOMARCA,True;19;27;35;NOMARCA_audio37_18;NOMARCA;NOMARCA;True
NOMARCA_audio37_19,NOMARCA,NOMARCA,True;19;27;35;NOMARCA_audio37_19;NOMARCA;NOMARCA;True
NOMARCA_audio37_2,NOMARCA,NOMARCA,True;18;26;34;NOMARCA_audio37_2;NOMARCA;NOMARCA;True
NOMARCA_audio37_20,NOMARCA,NOMARCA,True;19;27;35;NOMARCA_audio37_20;NOMARCA;NOMARCA;True
NOMARCA_audio37_21,NOMARCA,NOMARCA,True;19;27;35;NOMARCA_audio37_21;NOMARCA;NOMARCA;True
NOMARCA_audio37_22,NOMARCA,NOMARCA,True;19;27;35;NOMARCA_audio37_22;NOMARCA;NOMARCA;True
NOMARCA_audio37_23,NOMARCA,NOMARCA,True;19;27;35;NOMARCA_audio37_23;NOMARCA;NOMARCA;True
NOMARCA_audio37_24,NOMARCA,NOMARCA,True;19;27;35;NOMARCA_audio37_24;NOMARCA;NOMARCA;True
NOMARCA_audio37_25,NOMARCA,NOMARCA,True;19;27;35;NOMARCA_audio37_25;NOMARCA;NOMARCA;True
NOMARCA_audio37_26,NOMARCA,NOMARCA,True;19;27;35;NOMARCA_audio37_26;NOMARCA;NOMARCA;True
NOMARCA_audio37_27,NOMARCA,NOMARCA,True;19;27;35;NOMARCA_audio37_27;NOMARCA;NOMARCA;True
NOMARCA_audio37_28,NOMARCA,NOMARCA,True;19;27;35;NOMARCA_audio37_28;NOMARCA;NOMARCA;True
NOMARCA_audio37_29,NOMARCA,NOMARCA,True;19;27;35;NOMARCA_audio37_29;NOMARCA;NOMARCA;True
NOMARCA_audio37_3,NOMARCA,NOMARCA,True;18;26;34;NOMARCA_audio37_3;NOMARCA;NOMARCA;True
NOMARCA_audio37_30,NOMARCA,NOMARCA,True;19;27;35;NOMARCA_audio37_30;NOMARCA;NOMARCA;True
NOMARCA_audio37_31,NOMARCA,NOMARCA,True;19;27;35;NOMARCA_audio37_31;NOMARCA;NOMARCA;True
NOMARCA_audio37_32,NOMARCA,NOMARCA,True;19;27;35;NOMARCA_audio37_32;NOMARCA;NOMARCA;True
NOMARCA_audio37_33,NOMARCA,NOMARCA,True;19;27;35;NOMARCA_audio37_33;NOMARCA;NOMARCA;True
NOMARCA_audio37_34,NOMARCA,NOMARCA,True;19;27;35;NOMARCA_audio37_34;NOMARCA;NOMARCA;True
NOMARCA_audio37_35,NOMARCA,NOMARCA,True;19;27;35;NOMARCA_audio37_35;NOMARCA;NOMARCA;True
NOMARCA_audio37_36,NOMARCA,NOMARCA,True;19;27;35;NOMARCA_audio37_36;NOMARCA;NOMARCA;True
NOMARCA_audio37_37,NOMARCA,NOMARCA,True;19;27;35;NOMARCA_audio37_37;NOMARCA;NOMARCA;True
NOMARCA_audio37_38,NOMARCA,NOMARCA,True;19;27;35;NOMARCA_audio37_38;NOMARCA;NOMARCA;True
NOMARCA_audio37_39,NOMARCA,NOMARCA,True;19;27;35;NOMARCA_audio37_39;NOMARCA;NOMARCA;True
NOMARCA_audio37_4,NOMARCA,NOMARCA,True;18;26;34;NOMARCA_audio37_4;NOMARCA;NOMARCA;True
NOMARCA_audio37_40,NOMARCA,NOMARCA,True;19;27;35;NOMARCA_audio37_40;NOMARCA;NOMARCA;True
NOMARCA_audio37_41,NOMARCA,NOMARCA,True;19;27;35;NOMARCA_audio37_41;NOMARCA;NOMARCA;True
NOMARCA_audio37_42,NOMARCA,NOMARCA,True;19;27;35;NOMARCA_audio37_42;NOMARCA;NOMARCA;True
NOMARCA_audio37_43,NOMARCA,NOMARCA,True;19;27;35;NOMARCA_audio37_43;NOMARCA;NOMARCA;True
NOMARCA_audio37_44,NOMARCA,NOMARCA,True;19;27;35;NOMARCA_audio37_44;NOMARCA;NOMARCA;True
NOMARCA_audio37_45,NOMARCA,NOMARCA,True;19;27;35;NOMARCA_audio37_45;NOMARCA;NOMARCA;True
NOMARCA_audio37_46,NOMARCA,NOMARCA,True;19;27;35;NOMARCA_audio37_46;NOMARCA;NOMARCA;True
NOMARCA_audio37_47,NOMARCA,NOMARCA,True;19;27;35;NOMARCA_audio37_47;NOMARCA;NOMARCA;True
NOMARCA_audio37_48,NOMARCA,NOMARCA,True;19;27;35;NOMARCA_audio37_48;NOMARCA;NOMARCA;True
NOMARCA_audio37_49,NOMARCA,NOMARCA,True;19;27;35;NOMARCA_audio37_49;NOMARCA;NOMARCA;True
NOMARCA_audio37_5,NOMARCA,NOMARCA,True;18;26;34;NOMARCA_audio37_5;NOMARCA;NOMARCA;True
NOMARCA_audio37_50,NOMARCA,NOMARCA,True;19;27;35;NOMARCA_audio37_50;NOMARCA;NOMARCA;True
NOMARCA_audio37_51,NOMARCA,NOMARCA,True;19;27;35;NOMARCA_audio37_51;NOMARCA;NOMARCA;True
NOMARCA_audio37_52,NOMARCA,NOMARCA,True;19;27;35;NOMARCA_audio37_52;NOMARCA;NOMARCA;True
NOMARCA_audio37_53,NOMARCA,NOMARCA,True;19;27;35;NOMARCA_audio37_53;NOMARCA;NOMARCA;True
NOMARCA_audio37_54,NOMARCA,NOMARCA,True;19;27;35;NOMARCA_audio37_54;NOMARCA;NOMARCA;True
NOMARCA_audio37_55,NOMARCA,NOMARCA,True;19;27;35;NOMARCA_audio37_55;NOMARCA;NOMARCA;True
NOMARCA_audio37_56,NOMARCA,NOMARCA,True;19;27;35;NOMARCA_audio37_56;NOMARCA;NOMARCA;True
NOMARCA_audio37_57,NOMARCA,NOMARCA,True;19;27;35;NOMARCA_audio37_57;NOMARCA;NOMARCA;True
NOMARCA_audio37_58,NOMARCA,NOMARCA,True;19;27;35;NOMARCA_audio37_58;NOMARCA;NOMARCA;True
NOMARCA_audio37_59,NOMARCA,NOMARCA,True;19;27;35;NOMARCA_audio37_59;NOMARCA;NOMARCA;True
NOMARCA_audio37_6,NOMARCA,NOMARCA,True;18;26;34;NOMARCA_audio37_6;NOMARCA;NOMARCA;True
NOMARCA_audio37_60,NOMARCA,NOMARCA,True;19;27;35;NOMARCA_audio37_60;NOMARCA;NOMARCA;True
NOMARCA_audio37_61,NOMARCA,NOMARCA,True;19;27;35;NOMARCA_audio37_61;NOMARCA;NOMARCA;True
NOMARCA_audio37_62,NOMARCA,NOMARCA,True;19;27;35;NOMARCA_audio37_62;NOMARCA;NOMARCA;True
NOMARCA_audio37_63,NOMARCA,NOMARCA,True;19;27;35;NOMARCA_audio37_63;NOMARCA;NOMARCA;True
NOMARCA_audio37_64,NOMARCA,NOMARCA,True;19;27;35;NOMARCA_audio37_64;NOMARCA;NOMARCA;True
NOMARCA_audio37_65,NOMARCA,NOMARCA,True;19;27;35;NOMARCA_audio37_65;NOMARCA;NOMARCA;True
NOMARCA_audio37_66,NOMARCA,NOMARCA,True;19;27;35;NOMARCA_audio37_66;NOMARCA;NOMARCA;True
NOMARCA_audio37_67,NOMARCA,NOMARCA,True;19;27;35;NOMARCA_audio37_67;NOMARCA;NOMARCA;True
NOMARCA_audio37_68,NOMARCA,NOMARCA,True;19;27;35;NOMARCA_audio37_68;NOMARCA;NOMARCA;True
NOMARCA_audio37_69,NOMARCA,NOMARCA,True;19;27;35;NOMARCA_audio37_69;NOMARCA;NOMARCA;True
NOMARCA_audio37_7,NOMARCA,NOMARCA,True;18;26;34;NOMARCA_audio37_7;NOMARCA;NOMARCA;True
NOMARCA_audio37_70,NOMARCA,NOMARCA,True;19;27;35;NOMARCA_audio37_70;NOMARCA;NOMARCA;True
NOMARCA_audio37_8,NOMARCA,NOMARCA,True;18;26;34;NOMARCA_audio37_8;NOMARCA;NOMARCA;True
NOMARCA_audio37_9,NOMARCA,NOMARCA,True;18;26;34;NOMARCA_audio37_9;NOMARCA;NOMARCA;True
NOMARCA_audio38_1,NOMARCA,NOMARCA,True;18;26;34;NOMARCA_audio38_1;NOMARCA;NOMARCA;True
NOMARCA_audio38_10,NOMARCA,NOMARCA,True;19;27;35;NOMARCA_audio38_10;NOMARCA;NOMARCA;True
NOMARCA_audio38_11,NOMARCA,NOMARCA,True;19;27;35;NOMARCA_audio38_11;NOMARCA;NOMARCA;True
NOMARCA_audio38_12,NOMARCA,NOMARCA,True;19;27;35;NOMARCA_audio38_12;NOMARCA;NOMARCA;True
NOMARCA_audio38_13,NOMARCA,NOMARCA,True;19;27;35;NOMARCA_audio38_13;NOMARCA;NOMARCA;True
NOMARCA_audio38_14,NOMARCA,NOMARCA,True;19;27;35;NOMARCA_audio38_14;NOMARCA;NOMARCA;True
NOMARCA_audio38_15,NOMARCA,NOMARCA,True;19;27;35;NOMARCA_audio38_15;NOMARCA;NOMARCA;True
NOMARCA_audio38_16,NOMARCA,NOMARCA,True;19;27;35;NOMARCA_audio38_16;NOMARCA;NOMARCA;True
NOMARCA_audio38_17,NOMARCA,NOMARCA,True;19;27;35;NOMARCA_audio38_17;NOMARCA;NOMARCA;True
NOMARCA_audio38_18,NOMARCA,NOMARCA,True;19;27;35;NOMARCA_audio38_18;NOMARCA;NOMARCA;True
NOMARCA_audio38_19,NOMARCA,NOMARCA,True;19;27;35;NOMARCA_audio38_19;NOMARCA;NOMARCA;True
NOMARCA_audio38_2,NOMARCA,NOMARCA,True;18;26;34;NOMARCA_audio38_2;NOMARCA;NOMARCA;True
NOMARCA_audio38_20,NOMARCA,NOMARCA,True;19;27;35;NOMARCA_audio38_20;NOMARCA;NOMARCA;True
NOMARCA_audio38_21,NOMARCA,NOMARCA,True;19;27;35;NOMARCA_audio38_21;NOMARCA;NOMARCA;True
NOMARCA_audio38_22,NOMARCA,NOMARCA,True;19;27;35;NOMARCA_audio38_22;NOMARCA;NOMARCA;True
NOMARCA_audio38_23,NOMARCA,NOMARCA,True;19;27;35;NOMARCA_audio38_23;NOMARCA;NOMARCA;True
NOMARCA_audio38_24,NOMARCA,NOMARCA,True;19;27;35;NOMARCA_audio38_24;NOMARCA;NOMARCA;True
NOMARCA_audio38_25,NOMARCA,NOMARCA,True;19;27;35;NOMARCA_audio38_25;NOMARCA;NOMARCA;True
NOMARCA_audio38_26,NOMARCA,NOMARCA,True;19;27;35;NOMARCA_audio38_26;NOMARCA;NOMARCA;True
NOMARCA_audio38_27,NOMARCA,NOMARCA,True;19;27;35;NOMARCA_audio38_27;NOMARCA;NOMARCA;True
NOMARCA_audio38_28,NOMARCA,NOMARCA,True;19;27;35;NOMARCA_audio38_28;NOMARCA;NOMARCA;True
NOMARCA_audio38_29,NOMARCA,NOMARCA,True;19;27;35;NOMARCA_audio38_29;NOMARCA;NOMARCA;True
NOMARCA_audio38_3,NOMARCA,NOMARCA,True;18;26;34;NOMARCA_audio38_3;NOMARCA;NOMARCA;True
NOMARCA_audio38_30,NOMARCA,NOMARCA,True;19;27;35;NOMARCA_audio38_30;NOMARCA;NOMARCA;True
NOMARCA_audio38_31,NOMARCA,NOMARCA,True;19;27;35;NOMARCA_audio38_31;NOMARCA;NOMARCA;True
NOMARCA_audio38_32,NOMARCA,NOMARCA,True;19;27;35;NOMARCA_audio38_32;NOMARCA;NOMARCA;True
NOMARCA_audio38_33,NOMARCA,NOMARCA,True;19;27;35;NOMARCA_audio38_33;NOMARCA;NOMARCA;True
NOMARCA_audio38_34,NOMARCA,NOMARCA,True;19;27;35;NOMARCA_audio38_34;NOMARCA;NOMARCA;True
NOMARCA_audio38_35,NOMARCA,NOMARCA,True;19;27;35;NOMARCA_audio38_35;NOMARCA;NOMARCA;True
NOMARCA_audio38_36,NOMARCA,NOMARCA,True;19;27;35;NOMARCA_audio38_36;NOMARCA;NOMARCA;True
NOMARCA_audio38_37,NOMARCA,NOMARCA,True;19;27;35;NOMARCA_audio38_37;NOMARCA;NOMARCA;True
NOMARCA_audio38_38,NOMARCA,NOMARCA,True;19;27;35;NOMARCA_audio38_38;NOMARCA;NOMARCA;True
NOMARCA_audio38_39,NOMARCA,NOMARCA,True;19;27;35;NOMARCA_audio38_39;NOMARCA;NOMARCA;True
NOMARCA_audio38_4,NOMARCA,NOMARCA,True;18;26;34;NOMARCA_audio38_4;NOMARCA;NOMARCA;True
NOMARCA_audio38_40,NOMARCA,NOMARCA,True;19;27;35;NOMARCA_audio38_40;NOMARCA;NOMARCA;True
NOMARCA_audio38_41,NOMARCA,NOMARCA,True;19;27;35;NOMARCA_audio38_41;NOMARCA;NOMARCA;True
NOMARCA_audio38_42,NOMARCA,NOMARCA,True;19;27;35;NOMARCA_audio38_42;NOMARCA;NOMARCA;True
NOMARCA_audio38_43,NOMARCA,NOMARCA,True;19;27;35;NOMARCA_audio38_43;NOMARCA;NOMARCA;True
NOMARCA_audio38_44,NOMARCA,NOMARCA,True;19;27;35;NOMARCA_audio38_44;NOMARCA;NOMARCA;True
NOMARCA_audio38_45,NOMARCA,NOMARCA,True;19;27;35;NOMARCA_audio38_45;NOMARCA;NOMARCA;True
NOMARCA_audio38_5,NOMARCA,NOMARCA,True;18;26;34;NOMARCA_audio38_5;NOMARCA;NOMARCA;True
NOMARCA_audio38_6,NOMARCA,NOMARCA,True;18;26;34;NOMARCA_audio38_6;NOMARCA;NOMARCA;True
NOMARCA_audio38_7,NOMARCA,NOMARCA,True;18;26;34;NOMARCA_audio38_7;NOMARCA;NOMARCA;True
NOMARCA_audio38_8,NOMARCA,NOMARCA,True;18;26;34;NOMARCA_audio38_8;NOMARCA;NOMARCA;True
NOMARCA_audio38_9,NOMARCA,NOMARCA,True;18;26;34;NOMARCA_audio38_9;NOMARCA;NOMARCA;True
NOMARCA_audio39_1,NOMARCA,NOMARCA,True;18;26;34;NOMARCA_audio39_1;NOMARCA;NOMARCA;True
NOMARCA_audio39_10,NOMARCA,NOMARCA,True;19;27;35;NOMARCA_audio39_10;NOMARCA;NOMARCA;True
NOMARCA_audio39_11,NOMARCA,NOMARCA,True;19;27;35;NOMARCA_audio39_11;NOMARCA;NOMARCA;True
NOMARCA_audio39_12,NOMARCA,NOMARCA,True;19;27;35;NOMARCA_audio39_12;NOMARCA;NOMARCA;True
NOMARCA_audio39_13,NOMARCA,NOMARCA,True;19;27;35;NOMARCA_audio39_13;NOMARCA;NOMARCA;True
NOMARCA_audio39_14,NOMARCA,NOMARCA,True;19;27;35;NOMARCA_audio39_14;NOMARCA;NOMARCA;True
NOMARCA_audio39_15,NOMARCA,NOMARCA,True;19;27;35;NOMARCA_audio39_15;NOMARCA;NOMARCA;True
NOMARCA_audio39_16,NOMARCA,NOMARCA,True;19;27;35;NOMARCA_audio39_16;NOMARCA;NOMARCA;True
NOMARCA_audio39_17,NOMARCA,NOMARCA,True;19;27;35;NOMARCA_audio39_17;NOMARCA;NOMARCA;True
NOMARCA_audio39_18,NOMARCA,NOMARCA,True;19;27;35;NOMARCA_audio39_18;NOMARCA;NOMARCA;True
NOMARCA_audio39_19,NOMARCA,NOMARCA,True;19;27;35;NOMARCA_audio39_19;NOMARCA;NOMARCA;True
NOMARCA_audio39_2,NOMARCA,NOMARCA,True;18;26;34;NOMARCA_audio39_2;NOMARCA;NOMARCA;True
NOMARCA_audio39_20,NOMARCA,NOMARCA,True;19;27;35;NOMARCA_audio39_20;NOMARCA;NOMARCA;True
NOMARCA_audio39_21,NOMARCA,NOMARCA,True;19;27;35;NOMARCA_audio39_21;NOMARCA;NOMARCA;True
NOMARCA_audio39_22,NOMARCA,NOMARCA,True;19;27;35;NOMARCA_audio39_22;NOMARCA;NOMARCA;True
NOMARCA_audio39_23,NOMARCA,NOMARCA,True;19;27;35;NOMARCA_audio39_23;NOMARCA;NOMARCA;True
NOMARCA_audio39_24,NOMARCA,NOMARCA,True;19;27;35;NOMARCA_audio39_24;NOMARCA;NOMARCA;True
NOMARCA_audio39_25,NOMARCA,NOMARCA,True;19;27;35;NOMARCA_audio39_25;NOMARCA;NOMARCA;True
NOMARCA_audio39_26,NOMARCA,NOMARCA,True;19;27;35;NOMARCA_audio39_26;NOMARCA;NOMARCA;True
NOMARCA_audio39_27,NOMARCA,NOMARCA,True;19;27;35;NOMARCA_audio39_27;NOMARCA;NOMARCA;True
NOMARCA_audio39_28,NOMARCA,NOMARCA,True;19;27;35;NOMARCA_audio39_28;NOMARCA;NOMARCA;True
NOMARCA_audio39_29,NOMARCA,NOMARCA,True;19;27;35;NOMARCA_audio39_29;NOMARCA;NOMARCA;True
NOMARCA_audio39_3,NOMARCA,NOMARCA,True;18;26;34;NOMARCA_audio39_3;NOMARCA;NOMARCA;True
NOMARCA_audio39_30,NOMARCA,NOMARCA,True;19;27;35;NOMARCA_audio39_30;NOMARCA;NOMARCA;True
NOMARCA_audio39_31,NOMARCA,NOMARCA,True;19;27;35;NOMARCA_audio39_31;NOMARCA;NOMARCA;True
NOMARCA_audio39_32,NOMARCA,NOMARCA,True;19;27;35;NOMARCA_audio39_32;NOMARCA;NOMARCA;True
NOMARCA_audio39_33,NOMARCA,NOMARCA,True;19;27;35;NOMARCA_audio39_33;NOMARCA;NOMARCA;True
NOMARCA_audio39_34,NOMARCA,NOMARCA,True;19;27;35;NOMARCA_audio39_34;NOMARCA;NOMARCA;True
NOMARCA_audio39_35,NOMARCA,NOMARCA,True;19;27;35;NOMARCA_audio39_35;NOMARCA;NOMARCA;True
NOMARCA_audio39_36,NOMARCA,NOMARCA,True;19;27;35;NOMARCA_audio39_36;NOMARCA;NOMARCA;True
NOMARCA_audio39_37,NOMARCA,NOMARCA,True;19;27;35;NOMARCA_audio39_37;NOMARCA;NOMARCA;True
NOMARCA_audio39_38,NOMARCA,NOMARCA,True;19;27;35;NOMARCA_audio39_38;NOMARCA;NOMARCA;True
NOMARCA_audio39_39,NOMARCA,NOMARCA,True;19;27;35;NOMARCA_audio39_39;NOMARCA;NOMARCA;True
NOMARCA_audio39_4,NOMARCA,NOMARCA,True;18;26;34;NOMARCA_audio39_4;NOMARCA;NOMARCA;True
NOMARCA_audio39_40,NOMARCA,NOMARCA,True;19;27;35;NOMARCA_audio39_40;NOMARCA;NOMARCA;True
NOMARCA_audio39_41,NOMARCA,NOMARCA,True;19;27;35;NOMARCA_audio39_41;NOMARCA;NOMARCA;True
NOMARCA_audio39_42,NOMARCA,NOMARCA,True;19;27;35;NOMARCA_audio39_42;NOMARCA;NOMARCA;True
NOMARCA_audio39_43,NOMARCA,NOMARCA,True;19;27;35;NOMARCA_audio39_43;NOMARCA;NOMARCA;True
NOMARCA_audio39_44,NOMARCA,NOMARCA,True;19;27;35;NOMARCA_audio39_44;NOMARCA;NOMARCA;True
NOMARCA_audio39_45,NOMARCA,NOMARCA,True;19;27;35;NOMARCA_audio39_45;NOMARCA;NOMARCA;True
NOMARCA_audio39_5,NOMARCA,NOMARCA,True;18;26;34;NOMARCA_audio39_5;NOMARCA;NOMARCA;True
NOMARCA_audio39_6,NOMARCA,NOMARCA,True;18;26;34;NOMARCA_audio39_6;NOMARCA;NOMARCA;True
NOMARCA_audio39_7,NOMARCA,NOMARCA,True;18;26;34;NOMARCA_audio39_7;NOMARCA;NOMARCA;True
NOMARCA_audio39_8,NOMARCA,NOMARCA,True;18;26;34;NOMARCA_audio39_8;NOMARCA;NOMARCA;True
NOMARCA_audio39_9,NOMARCA,NOMARCA,True;18;26;34;NOMARCA_audio39_9;NOMARCA;NOMARCA;True
NOMARCA_audio40_1,NOMARCA,NOMARCA,True;18;26;34;NOMARCA_audio40_1;NOMARCA;NOMARCA;True
NOMARCA_audio40_10,NOMARCA,NOMARCA,True;19;27;35;NOMARCA_audio40_10;NOMARCA;NOMARCA;True
NOMARCA_audio40_11,NOMARCA,NOMARCA,True;19;27;35;NOMARCA_audio40_11;NOMARCA;NOMARCA;True
NOMARCA_audio40_12,NOMARCA,NOMARCA,True;19;27;35;NOMARCA_audio40_12;NOMARCA;NOMARCA;True
NOMARCA_audio40_13,NOMARCA,NOMARCA,True;19;27;35;NOMARCA_audio40_13;NOMARCA;NOMARCA;True
NOMARCA_audio40_14,NOMARCA,NOMARCA,True;19;27;35;NOMARCA_audio40_14;NOMARCA;NOMARCA;True
NOMARCA_audio40_15,NOMARCA,NOMARCA,True;19;27;35;NOMARCA_audio40_15;NOMARCA;NOMARCA;True
NOMARCA_audio40_16,NOMARCA,NOMARCA,True;19;27;35;NOMARCA_audio40_16;NOMARCA;NOMARCA;True
NOMARCA_audio40_17,NOMARCA,NOMARCA,True;19;27;35;NOMARCA_audio40_17;NOMARCA;NOMARCA;True
NOMARCA_audio40_18,NOMARCA,NOMARCA,True;19;27;35;NOMARCA_audio40_18;NOMARCA;NOMARCA;True
NOMARCA_audio40_19,NOMARCA,NOMARCA,True;19;27;35;NOMARCA_audio40_19;NOMARCA;NOMARCA;True
NOMARCA_audio40_2,NOMARCA,NOMARCA,True;18;26;34;NOMARCA_audio40_2;NOMARCA;NOMARCA;True
NOMARCA_audio40_20,NOMARCA,NOMARCA,True;19;27;35;NOMARCA_audio40_20;NOMARCA;NOMARCA;True
NOMARCA_audio40_21,NOMARCA,NOMARCA,True;19;27;35;NOMARCA_audio40_21;NOMARCA;NOMARCA;True
NOMARCA_audio40_22,NOMARCA,NOMARCA,True;19;27;35;NOMARCA_audio40_22;NOMARCA;NOMARCA;True
NOMARCA_audio40_23,NOMARCA,NOMARCA,True;19;27;35;NOMARCA_audio40_23;NOMARCA;NOMARCA;True
NOMARCA_audio40_24,NOMARCA,NOMARCA,True;19;27;35;NOMARCA_audio40_24;NOMARCA;NOMARCA;True
NOMARCA_audio40_25,NOMARCA,NOMARCA,True;19;27;35;NOMARCA_audio40_25;NOMARCA;NOMARCA;True
NOMARCA_audio40_26,NOMARCA,NOMARCA,True;19;27;35;NOMARCA_audio40_26;NOMARCA;NOMARCA;True
NOMARCA_audio40_27,NOMARCA,NOMARCA,True;19;27;35;NOMARCA_audio40_27;NOMARCA;NOMARCA;True
NOMARCA_audio40_28,NOMARCA,NOMARCA,True;19;27;35;NOMARCA_audio40_28;NOMARCA;NOMARCA;True
NOMARCA_audio40_29,NOMARCA,NOMARCA,True;19;27;35;NOMARCA_audio40_29;NOMARCA;NOMARCA;True
NOMARCA_audio40_3,NOMARCA,NOMARCA,True;18;26;34;NOMARCA_audio40_3;NOMARCA;NOMARCA;True
NOMARCA_audio40_30,NOMARCA,NOMARCA,True;19;27;35;NOMARCA_audio40_30;NOMARCA;NOMARCA;True
NOMARCA_audio40_31,NOMARCA,NOMARCA,True;19;27;35;NOMARCA_audio40_31;NOMARCA;NOMARCA;True
NOMARCA_audio40_32,NOMARCA,NOMARCA,True;19;27;35;NOMARCA_audio40_32;NOMARCA;NOMARCA;True
NOMARCA_audio40_33,NOMARCA,NOMARCA,True;19;27;35;NOMARCA_audio40_33;NOMARCA;NOMARCA;True
NOMARCA_audio40_34,NOMARCA,NOMARCA,True;19;27;35;NOMARCA_audio40_34;NOMARCA;NOMARCA;True
NOMARCA_audio40_35,NOMARCA,NOMARCA,True;19;27;35;NOMARCA_audio40_35;NOMARCA;NOMARCA;True
NOMARCA_audio40_36,NOMARCA,NOMARCA,True;19;27;35;NOMARCA_audio40_36;NOMARCA;NOMARCA;True
NOMARCA_audio40_37,NOMARCA,NOMARCA,True;19;27;35;NOMARCA_audio40_37;NOMARCA;NOMARCA;True
NOMARCA_audio40_38,NOMARCA,NOMARCA,True;19;27;35;NOMARCA_audio40_38;NOMARCA;NOMARCA;True
NOMARCA_audio40_39,NOMARCA,NOMARCA,True;19;27;35;NOMARCA_audio40_39;NOMARCA;NOMARCA;True
NOMARCA_audio40_4,NOMARCA,NOMARCA,True;18;26;34;NOMARCA_audio40_4;NOMARCA;NOMARCA;True
NOMARCA_audio40_40,NOMARCA,NOMARCA,True;19;27;35;NOMARCA_audio40_40;NOMARCA;NOMARCA;True
NOMARCA_audio40_41,NOMARCA,NOMARCA,True;19;27;35;NOMARCA_audio40_41;NOMARCA;NOMARCA;True
NOMARCA_audio40_42,NOMARCA,NOMARCA,True;19;27;35;NOMARCA_audio40_42;NOMARCA;NOMARCA;True
NOMARCA_audio40_43,NOMARCA,NOMARCA,True;19;27;35;NOMARCA_audio40_43;NOMARCA;NOMARCA;True
NOMARCA_audio40_44,NOMARCA,NOMARCA,True;19;27;35;NOMARCA_audio40_44;NOMARCA;NOMARCA;True
NOMARCA_audio40_45,NOMARCA,NOMARCA,True;19;27;35;NOMARCA_audio40_45;NOMARCA;NOMARCA;True
NOMARCA_audio40_5,NOMARCA,NOMARCA,True;18;26;34;NOMARCA_audio40_5;NOMARCA;NOMARCA;True
NOMARCA_audio40_6,NOMARCA,NOMARCA,True;18;26;34;NOMARCA_audio40_6;NOMARCA;NOMARCA;True
NOMARCA_audio40_7,NOMARCA,NOMARCA,True;18;26;34;NOMARCA_audio40_7;NOMARCA;NOMARCA;True
NOMARCA_audio40_8,NOMARCA,NOMARCA,True;18;26;34;NOMARCA_audio40_8;NOMARCA;NOMARCA;True
NOMARCA_audio40_9,NOMARCA,NOMARCA,True;18;26;34;NOMARCA_audio40_9;NOMARCA;NOMARCA;True
NOMARCA_audio41_1,NOMARCA,NOMARCA,True;18;26;34;NOMARCA_audio41_1;NOMARCA;NOMARCA;True
NOMARCA_audio41_10,NOMARCA,NOMARCA,True;19;27;35;NOMARCA_audio41_10;NOMARCA;NOMARCA;True
NOMARCA_audio41_11,NOMARCA,NOMARCA,True;19;27;35;NOMARCA_audio41_11;NOMARCA;NOMARCA;True
NOMARCA_audio41_12,NOMARCA,NOMARCA,True;19;27;35;NOMARCA_audio41_12;NOMARCA;NOMARCA;True
NOMARCA_audio41_13,NOMARCA,NOMARCA,True;19;27;35;NOMARCA_audio41_13;NOMARCA;NOMARCA;True
NOMARCA_audio41_14,NOMARCA,NOMARCA,True;19;27;35;NOMARCA_audio41_14;NOMARCA;NOMARCA;True
NOMARCA_audio41_15,NOMARCA,NOMARCA,True;19;27;35;NOMARCA_audio41_15;NOMARCA;NOMARCA;True
NOMARCA_audio41_16,NOMARCA,NOMARCA,True;19;27;35;NOMARCA_audio41_16;NOMARCA;NOMARCA;True
NOMARCA_audio41_17,NOMARCA,NOMARCA,True;19;27;35;NOMARCA_audio41_17;NOMARCA;NOMARCA;True
NOMARCA_audio41_18,NOMARCA,NOMARCA,True;19;27;35;NOMARCA_audio41_18;NOMARCA;NOMARCA;True
NOMARCA_audio41_19,NOMARCA,NOMARCA,True;19;27;35;NOMARCA_audio41_19;NOMARCA;NOMARCA;True
NOMARCA_audio41_2,NOMARCA,NOMARCA,True;18;26;34;NOMARCA_audio41_2;NOMARCA;NOMARCA;True
NOMARCA_audio41_20,NOMARCA,NOMARCA,True;19;27;35;NOMARCA_audio41_20;NOMARCA;NOMARCA;True
NOMARCA_audio41_21,NOMARCA,NOMARCA,True;19;27;35;NOMARCA_audio41_21;NOMARCA;NOMARCA;True
NOMARCA_audio41_22,NOMARCA,NOMARCA,True;19;27;35;NOMARCA_audio41_22;NOMARCA;NOMARCA;True
NOMARCA_audio41_23,NOMARCA,NOMARCA,True;19;27;35;NOMARCA_audio41_23;NOMARCA;NOMARCA;True
NOMARCA_audio41_24,NOMARCA,NOMARCA,True;19;27;35;NOMARCA_audio41_24;NOMARCA;NOMARCA;True
NOMARCA_audio41_25,NOMARCA,NOMARCA,True;19;27;35;NOMARCA_audio41_25;NOMARCA;NOMARCA;True
NOMARCA_audio41_26,NOMARCA,NOMARCA,True;19;27;35;NOMARCA_audio41_26;NOMARCA;NOMARCA;True
NOMARCA_audio41_27,NOMARCA,NOMARCA,True;19;27;35;NOMARCA_audio41_27;NOMARCA;NOMARCA;True
NOMARCA_audio41_28,NOMARCA,NOMARCA,True;19;27;35;NOMARCA_audio41_28;NOMARCA;NOMARCA;True
NOMARCA_audio41_29,NOMARCA,NOMARCA,True;19;27;35;NOMARCA_audio41_29;NOMARCA;NOMARCA;True
NOMARCA_audio41_3,NOMARCA,NOMARCA,True;18;26;34;NOMARCA_audio41_3;NOMARCA;NOMARCA;True
NOMARCA_audio41_30,NOMARCA,NOMARCA,True;19;27;35;NOMARCA_audio41_30;NOMARCA;NOMARCA;True
NOMARCA_audio41_31,NOMARCA,NOMARCA,True;19;27;35;NOMARCA_audio41_31;NOMARCA;NOMARCA;True
NOMARCA_audio41_32,NOMARCA,NOMARCA,True;19;27;35;NOMARCA_audio41_32;NOMARCA;NOMARCA;True
NOMARCA_audio41_33,NOMARCA,NOMARCA,True;19;27;35;NOMARCA_audio41_33;NOMARCA;NOMARCA;True
NOMARCA_audio41_34,NOMARCA,NOMARCA,True;19;27;35;NOMARCA_audio41_34;NOMARCA;NOMARCA;True
NOMARCA_audio41_35,NOMARCA,NOMARCA,True;19;27;35;NOMARCA_audio41_35;NOMARCA;NOMARCA;True
NOMARCA_audio41_36,NOMARCA,NOMARCA,True;19;27;35;NOMARCA_audio41_36;NOMARCA;NOMARCA;True
NOMARCA_audio41_37,NOMARCA,NOMARCA,True;19;27;35;NOMARCA_audio41_37;NOMARCA;NOMARCA;True
NOMARCA_audio41_38,NOMARCA,NOMARCA,True;19;27;35;NOMARCA_audio41_38;NOMARCA;NOMARCA;True
NOMARCA_audio41_39,NOMARCA,NOMARCA,True;19;27;35;NOMARCA_audio41_39;NOMARCA;NOMARCA;True
NOMARCA_audio41_4,NOMARCA,NOMARCA,True;18;26;34;NOMARCA_audio41_4;NOMARCA;NOMARCA;True
NOMARCA_audio41_40,NOMARCA,NOMARCA,True;19;27;35;NOMARCA_audio41_40;NOMARCA;NOMARCA;True
NOMARCA_audio41_41,NOMARCA,NOMARCA,True;19;27;35;NOMARCA_audio41_41;NOMARCA;NOMARCA;True
NOMARCA_audio41_42,NOMARCA,NOMARCA,True;19;27;35;NOMARCA_audio41_42;NOMARCA;NOMARCA;True
NOMARCA_audio41_43,NOMARCA,NOMARCA,True;19;27;35;NOMARCA_audio41_43;NOMARCA;NOMARCA;True
NOMARCA_audio41_44,NOMARCA,NOMARCA,True;19;27;35;NOMARCA_audio41_44;NOMARCA;NOMARCA;True
NOMARCA_audio41_45,NOMARCA,NOMARCA,True;19;27;35;NOMARCA_audio41_45;NOMARCA;NOMARCA;True
NOMARCA_audio41_46,NOMARCA,NOMARCA,True;19;27;35;NOMARCA_audio41_46;NOMARCA;NOMARCA;True
NOMARCA_audio41_47,NOMARCA,NOMARCA,True;19;27;35;NOMARCA_audio41_47;NOMARCA;NOMARCA;True
NOMARCA_audio41_48,NOMARCA,NOMARCA,True;19;27;35;NOMARCA_audio41_48;NOMARCA;NOMARCA;True
NOMARCA_audio41_49,NOMARCA,NOMARCA,True;19;27;35;NOMARCA_audio41_49;NOMARCA;NOMARCA;True
NOMARCA_audio41_5,NOMARCA,NOMARCA,True;18;26;34;NOMARCA_audio41_5;NOMARCA;NOMARCA;True
NOMARCA_audio41_50,NOMARCA,NOMARCA,True;19;27;35;NOMARCA_audio41_50;NOMARCA;NOMARCA;True
NOMARCA_audio41_51,NOMARCA,NOMARCA,True;19;27;35;NOMARCA_audio41_51;NOMARCA;NOMARCA;True
NOMARCA_audio41_52,NOMARCA,NOMARCA,True;19;27;35;NOMARCA_audio41_52;NOMARCA;NOMARCA;True
NOMARCA_audio41_53,NOMARCA,NOMARCA,True;19;27;35;NOMARCA_audio41_53;NOMARCA;NOMARCA;True
NOMARCA_audio41_54,NOMARCA,NOMARCA,True;19;27;35;NOMARCA_audio41_54;NOMARCA;NOMARCA;True
NOMARCA_audio41_55,NOMARCA,NOMARCA,True;19;27;35;NOMARCA_audio41_55;NOMARCA;NOMARCA;True
NOMARCA_audio41_56,NOMARCA,NOMARCA,True;19;27;35;NOMARCA_audio41_56;NOMARCA;NOMARCA;True
NOMARCA_audio41_57,NOMARCA,NOMARCA,True;19;27;35;NOMARCA_audio41_57;NOMARCA;NOMARCA;True
NOMARCA_audio41_58,NOMARCA,NOMARCA,True;19;27;35;NOMARCA_audio41_58;NOMARCA;NOMARCA;True
NOMARCA_audio41_59,NOMARCA,NOMARCA,True;19;27;35;NOMARCA_audio41_59;NOMARCA;NOMARCA;True
NOMARCA_audio41_6,NOMARCA,NOMARCA,True;18;26;34;NOMARCA_audio41_6;NOMARCA;NOMARCA;True
NOMARCA_audio41_60,NOMARCA,NOMARCA,True;19;27;35;NOMARCA_audio41_60;NOMARCA;NOMARCA;True
NOMARCA_audio41_7,NOMARCA,NOMARCA,True;18;26;34;NOMARCA_audio41_7;NOMARCA;NOMARCA;True
NOMARCA_audio41_8,NOMARCA,NOMARCA,True;18;26;34;NOMARCA_audio41_8;NOMARCA;NOMARCA;True
NOMARCA_audio41_9,NOMARCA,NOMARCA,True;18;26;34;NOMARCA_audio41_9;NOMARCA;NOMARCA;True
NOMARCA_audio42_1,NOMARCA,NOMARCA,True;18;26;34;NOMARCA_audio42_1;NOMARCA;NOMARCA;True
NOMARCA_audio42_10,NOMARCA,NOMARCA,True;19;27;35;NOMARCA_audio42_10;NOMARCA;NOMARCA;True
NOMARCA_audio42_11,NOMARCA,NOMARCA,True;19;27;35;NOMARCA_audio42_11;NOMARCA;NOMARCA;True
NOMARCA_audio42_12,NOMARCA,NOMARCA,True;19;27;35;NOMARCA_audio42_12;NOMARCA;NOMARCA;True
NOMARCA_audio42_13,NOMARCA,NOMARCA,True;19;27;35;NOMARCA_audio42_13;NOMARCA;NOMARCA;True
NOMARCA_audio42_14,NOMARCA,NOMARCA,True;19;27;35;NOMARCA_audio42_14;NOMARCA;NOMARCA;True
NOMARCA_audio42_15,NOMARCA,NOMARCA,True;19;27;35;NOMARCA_audio42_15;NOMARCA;NOMARCA;True
NOMARCA_audio42_16,NOMARCA,NOMARCA,True;19;27;35;NOMARCA_audio42_16;NOMARCA;NOMARCA;True
NOMARCA_audio42_17,NOMARCA,NOMARCA,True;19;27;35;NOMARCA_audio42_17;NOMARCA;NOMARCA;True
NOMARCA_audio42_18,NOMARCA,NOMARCA,True;19;27;35;NOMARCA_audio42_18;NOMARCA;NOMARCA;True
NOMARCA_audio42_19,NOMARCA,NOMARCA,True;19;27;35;NOMARCA_audio42_19;NOMARCA;NOMARCA;True
NOMARCA_audio42_2,NOMARCA,NOMARCA,True;18;26;34;NOMARCA_audio42_2;NOMARCA;NOMARCA;True
NOMARCA_audio42_20,NOMARCA,NOMARCA,True;19;27;35;NOMARCA_audio42_20;NOMARCA;NOMARCA;True
NOMARCA_audio42_3,NOMARCA,NOMARCA,True;18;26;34;NOMARCA_audio42_3;NOMARCA;NOMARCA;True
NOMARCA_audio42_4,NOMARCA,NOMARCA,True;18;26;34;NOMARCA_audio42_4;NOMARCA;NOMARCA;True
NOMARCA_audio42_5,NOMARCA,NOMARCA,True;18;26;34;NOMARCA_audio42_5;NOMARCA;NOMARCA;True
NOMARCA_audio42_6,NOMARCA,NOMARCA,True;18;26;34;NOMARCA_audio42_6;NOMARCA;NOMARCA;True
NOMARCA_audio42_7,NOMARCA,NOMARCA,True;18;26;34;NOMARCA_audio42_7;NOMARCA;NOMARCA;True
NOMARCA_audio42_8,NOMARCA,NOMARCA,True;18;26;34;NOMARCA_audio42_8;NOMARCA;NOMARCA;True
NOMARCA_audio42_9,NOMARCA,NOMARCA,True;18;26;34;NOMARCA_audio42_9;NOMARCA;NOMARCA;True
ORO_audio23_1,ORO,NOMARCA,False;14;18;26;ORO_audio23_1;ORO;NOMARCA;False
ORO_audio23_2,ORO,NOMARCA,False;14;18;26;ORO_audio23_2;ORO;NOMARCA;False
ORO_audio23_3,ORO,NOMARCA,False;14;18;26;ORO_audio23_3;ORO;NOMARCA;False
ORO_audio23_4,ORO,NOMARCA,False;14;18;26;ORO_audio23_4;ORO;NOMARCA;False
ORO_audio23_5,ORO,NOMARCA,False;14;18;26;ORO_audio23_5;ORO;NOMARCA;False
ORO_audio24_1,ORO,NOMARCA,False;14;18;26;ORO_audio24_1;ORO;NOMARCA;False
ORO_audio24_2,ORO,NOMARCA,False;14;18;26;ORO_audio24_2;ORO;NOMARCA;False
ORO_audio24_3,ORO,NOMARCA,False;14;18;26;ORO_audio24_3;ORO;NOMARCA;False
ORO_audio24_4,ORO,NOMARCA,False;14;18;26;ORO_audio24_4;ORO;NOMARCA;False
ORO_audio24_5,ORO,NOMARCA,False;14;18;26;ORO_audio24_5;ORO;NOMARCA;False
ORO_audio25_1,ORO,NOMARCA,False;14;18;26;ORO_audio25_1;ORO;NOMARCA;False
ORO_audio25_2,ORO,NOMARCA,False;14;18;26;ORO_audio25_2;ORO;NOMARCA;False
ORO_audio25_3,ORO,NOMARCA,False;14;18;26;ORO_audio25_3;ORO;NOMARCA;False
ORO_audio25_4,ORO,NOMARCA,False;14;18;26;ORO_audio25_4;ORO;NOMARCA;False
ORO_audio25_5,ORO,NOMARCA,False;14;18;26;ORO_audio25_5;ORO;NOMARCA;False
UPN_audio1_1,UPN,NOMARCA,False;13;17;25;UPN_audio1_1;UPN;NOMARCA;False
UPN_audio1_2,UPN,NOMARCA,False;13;17;25;UPN_audio1_2;UPN;NOMARCA;False
UPN_audio2_1,UPN,NOMARCA,False;13;17;25;UPN_audio2_1;UPN;NOMARCA;False
UPN_audio2_2,UPN,NOMARCA,False;13;17;25;UPN_audio2_2;UPN;NOMARCA;False
UPN_audio3_1,UPN,NOMARCA,False;13;17;25;UPN_audio3_1;UPN;NOMARCA;False
UPN_audio3_2,UPN,NOMARCA,False;13;17;25;UPN_audio3_2;UPN;NOMARCA;False
UPN_audio4_1,UPN,NOMARCA,False;13;17;25;UPN_audio4_1;UPN;NOMARCA;False
UPN_audio4_2,UPN,NOMARCA,False;13;17;25;UPN_audio4_2;UPN;NOMARCA;False
UPN_audio5_1,UPN,NOMARCA,False;13;17;25;UPN_audio5_1;UPN;NOMARCA;False
UPN_audio5_2,UPN,NOMARCA,False;13;17;25;UPN_audio5_2;UPN;NOMARCA;False
UPN_audio6_1,UPN,NOMARCA,False;13;17;25;UPN_audio6_1;UPN;NOMARCA;False
UPN_audio6_2,UPN,NOMARCA,False;13;17;25;UPN_audio6_2;UPN;NOMARCA;False
UPN_audio7_1,UPN,NOMARCA,False;13;17;25;UPN_audio7_1;UPN;NOMARCA;False
UPN_audio7_2,UPN,NOMARCA,False;13;17;25;UPN_audio7_2;UPN;NOMARCA;False
